-2.700494146614887663e-03,6.184715889017341345e-02,-3.969765579838777786e-02,-5.506910819994737969e-04,-2.645025097855471796e-02,-4.348829294878442213e-03,-4.704380478307491203e-02,2.732990192203856028e-02,-7.216294238856731103e-02,8.829774619698154206e-03,1.078942433054887705e-02,2.559239431715008839e-02,7.876261515088852500e-03,5.831901976095042912e-03,-3.557195324445007727e-03,8.513662275689315093e-03,-2.147162340624212892e-02,2.976858874699342752e-02,-2.152369794038800840e-02,1.939648727853515026e-02,3.774933428486339920e-02,-5.691326565743080011e-03,-4.944855306156607615e-03,-1.746743607784178101e-02,-1.318192357874792102e-02,-2.530048249282854794e-02,-3.548431934057504067e-02,5.741421527890241266e-02,2.890384840741682532e-02,-2.139395500827613594e-02,1.907185788583366445e-02,2.904277165184526027e-02,3.241750903763235964e-02,-3.913525284949113080e-03,8.415803590593062431e-04,-9.058664262637921086e-03,3.232140146304659373e-02,-2.675739955686484012e-02,-8.148543955957990997e-03,-2.174907191898701585e-03,3.278530927213997581e-02,-4.991108236103418416e-02,2.901084507384021210e-02,-1.112353067725950322e-02,4.194465751399314296e-02,8.873621716477321855e-03,-3.274265306107049939e-02,1.059764846245765018e-03,8.055864600059087222e-02,-2.075605083996231309e-02,-2.186985421185320272e-02,-1.896286669689276755e-02,2.415276625184693479e-02,3.424379036727825953e-02,3.048499202377075168e-02,3.146637261800909469e-02,1.184549490570493274e-02,1.613000120539306512e-02,2.688447594747166505e-02,-6.434042890937222148e-02,3.240447231162540270e-02,-5.339477592597623862e-02,-1.860796129239304306e-02,6.857983411361182058e-02,1.090052057314832082e-02,2.502563193547645976e-02,-1.421146115238381032e-02,-4.940302855285515909e-02,2.593036470618174591e-02,-2.261008216497936880e-03,-2.303608003216908728e-02,1.347597732014158131e-03,1.496612482420160055e-03,4.875315642294628798e-02,3.348936043222176112e-02,4.355241300557895906e-02,-3.128315280103235313e-02,-4.375820193219203541e-02,-4.378628541513015365e-02,-2.459746718130880958e-02,2.914337550797057794e-02,-1.528962215072842377e-02,4.801412397470534998e-02,-3.970029261612512822e-03,1.910575878345298351e-02,5.534678015530609257e-02,-6.111579870254070512e-02,3.073240673856154556e-02,-1.239901299491262803e-03,9.923333745498703895e-03,-2.305852604168142500e-02,-2.305321216148148097e-02,5.339855450067636233e-02,3.174195810712498317e-02,6.225079925929635771e-02,-4.035150362777486371e-03,-3.719957749533442382e-02,2.379923736491700026e-02,6.566563065394798171e-03,-2.572652501198507621e-02
2.332042925015741404e-03,4.302526352752745510e-03,-5.542486726104203093e-02,3.141509107902487608e-02,-1.398500108266675750e-02,-2.700057448472031277e-03,-1.815386752086109098e-02,7.782992541857829127e-02,-5.665161372971673492e-02,-5.299460540709210327e-02,2.352376992246324114e-02,7.863828696416481565e-03,2.999851325054266396e-02,-3.103083979085258237e-02,-8.228956184040398317e-03,2.436390513253314932e-02,-2.145042161533124159e-02,2.783846714329115193e-02,-4.434025652463009087e-02,9.050803165140104342e-03,-6.865369405429815226e-03,-2.995738361159604526e-02,2.850877504494007605e-02,-1.429181107989502784e-02,-2.361643054418341783e-02,-3.234329963843642075e-02,-1.313081834919207352e-02,2.096116171725548316e-02,1.292749655346309319e-02,1.983782543291654279e-02,1.860317268463880513e-02,1.524739851608290786e-02,8.738073373606446842e-03,3.291260450913176261e-02,-8.274369182736888290e-03,-1.028018760994592849e-02,2.645694495654279249e-02,-2.672775157072839955e-02,3.691447078585104874e-02,-2.158817404573614221e-02,4.194766736033519669e-03,-1.574974782467538845e-02,-8.221611580847672240e-03,-4.347779216718110872e-03,2.825288348830566273e-02,6.683280362148811583e-03,2.631496203288839070e-02,-6.940610735608539195e-03,5.847814947210023401e-02,-4.332546157377272639e-02,-4.252431422039388426e-02,1.339670813726090079e-02,1.968151065338392264e-02,-9.311350310136311953e-03,3.349542987291025120e-02,1.966320114866267413e-02,2.099546167673294397e-02,6.306206517539941422e-03,1.939707733167946382e-02,-5.318408566721861963e-02,4.160442184941576943e-02,-5.402692866874558159e-02,-2.502562184029024847e-02,1.263179770333788636e-02,-8.866227498089209597e-03,-4.154585804551697535e-03,-2.134301428100146211e-02,-5.842740204504336815e-02,2.994439152492836542e-02,-2.140060241465383678e-02,-1.551816742591196653e-02,-2.352282766747163661e-02,1.018882273472590874e-02,2.453936876538113585e-02,2.710857081364793919e-02,1.263213055717349667e-02,7.566672763932118066e-03,-1.386137697522400562e-02,-2.532447746310654765e-02,-3.086535779801684656e-02,3.116327085860381638e-02,4.069949567591124064e-03,5.786789205830740468e-02,-3.122291160155563766e-02,-2.272368044436327145e-02,5.265533257428256508e-02,2.286702187304948889e-04,-1.529221552973679052e-02,3.118639795450127948e-03,-2.265580606517468565e-02,-2.668671453484514067e-02,-4.542516446925944085e-02,-2.804191815573397334e-02,7.172555865789831051e-03,2.098178450484886742e-02,-1.792835777546814002e-02,-2.648026572218978303e-02,1.287472062597766823e-02,2.857797986315586264e-02,-5.084036969002899559e-02
-5.885227678891165326e-03,-4.363058856701936342e-03,8.116214861162948310e-03,-3.216296990857838052e-03,-7.715122872910077159e-03,-2.143124018201555264e-02,2.509356899602062721e-02,4.131049469463174417e-02,1.772930098800210366e-02,-5.489614917835822921e-02,9.917188990563770290e-04,-3.538898832237172970e-02,3.761646923713511009e-05,-2.339286908446174679e-02,-1.862772407141981279e-02,-2.610255005596834668e-02,-1.370052062906113727e-02,1.871499503071410303e-02,-9.497457511223864404e-03,-9.031231252169369395e-03,-5.961596345328204483e-02,1.168630935027307333e-02,9.236254300504289153e-03,1.271205697941995595e-02,-9.010473033303785908e-04,-2.433286849498226059e-02,-1.033772015532698728e-02,-7.954913132946746582e-03,-1.220860031368671897e-02,5.196496550274060100e-02,-7.205453900578600093e-03,-1.192332448321102405e-02,-9.201913865524016106e-03,1.542647759328835862e-02,-1.403317892865358837e-02,-2.443770451638927962e-02,2.146195476100609331e-02,4.224694877443463566e-03,2.745925862447197441e-02,-2.849274233166722292e-02,6.535927969946206222e-03,2.033745527607758175e-02,-1.975382041848631684e-02,2.027541133186099714e-02,2.308253684929128299e-03,-7.153095652309142405e-03,3.674297729959306869e-02,-2.642406946852465062e-04,-2.371732175164202594e-02,-9.262936837430979856e-03,-8.415011367276181709e-03,1.117856887243330773e-02,-7.866322181829683499e-03,-1.715367809249293898e-02,-1.459574188585162184e-02,-5.475115122432889364e-03,2.381130793702209564e-02,-2.251389511868280568e-02,-8.843349154076919974e-03,1.570644813273824186e-02,1.914047969113115422e-02,1.052627007063103130e-02,-5.581511730950962889e-03,-2.861674058507041388e-02,-1.789802357057928422e-02,-4.482552767879017380e-02,-1.587586498860718912e-02,3.985798091647618779e-03,2.009707202797532746e-02,-1.339781043929265392e-02,-6.072963844766237664e-03,-3.204871600420931832e-02,1.830770981069559239e-02,-4.354046797183952835e-03,-2.891309498799996339e-02,-3.665660790986276230e-02,8.062264012312728503e-03,2.683032719929502596e-02,-7.606693719066563546e-03,8.521605819122235123e-03,9.837905593569064647e-03,2.303271816223280075e-02,1.692958961762108111e-02,-2.289959878862559903e-02,-3.812966210531060218e-02,-7.254119063553956213e-03,1.986372878110343604e-02,-1.239477590961059368e-02,-7.039396770046173375e-03,-2.015885841196713921e-02,1.341310744443673271e-02,-8.999694847731085773e-03,-7.398843355123882470e-02,-3.998898361421103845e-03,-9.513760607480829107e-03,7.249297555523558610e-03,2.859858778449195227e-02,-2.961282231045462773e-02,2.085997594523520716e-03,8.327150522635946416e-04
-3.135832575719512544e-02,1.256652891582299703e-01,7.873027357701114278e-04,-5.006717477485430473e-02,-7.575352678025690234e-02,-8.809660320667098143e-02,3.951862100966776169e-03,1.302438569184680150e-01,-3.873903274461156648e-02,-1.244403129075596637e-01,1.995625889493911689e-03,-8.185852792138924305e-02,-1.608369881894983894e-02,-3.825736301021404051e-02,-6.918635125960378995e-02,-1.066712782814392552e-01,-7.779987787612424599e-02,1.090228935410493122e-01,-3.537881617345112195e-02,1.509361435444993727e-03,-1.272162280331455841e-01,6.548870290180147657e-02,-1.012965746741574871e-02,2.308311926572629430e-02,-7.237703250964429638e-03,-1.143473602397763605e-01,-1.081429335310384043e-01,8.214328617552521528e-02,7.617494316469405197e-03,1.221290929803044295e-01,-3.505139529065150628e-03,6.320862903976370330e-03,3.220977387346058568e-02,1.055748977761745110e-02,-4.132457282118180003e-02,-1.018158479581016962e-01,1.270758952692812582e-01,-1.656241559058889076e-02,4.123720132875816763e-02,-8.756411512394526864e-02,9.778621245442620236e-02,-2.362521156401042183e-02,4.041700905279234889e-03,5.513588345732507029e-02,7.557896455151687232e-02,-1.367817418392591050e-02,3.011961666583925709e-02,9.613743237778464568e-03,3.398245232780428698e-02,-3.384995863810621314e-02,-3.423308304671557334e-02,-1.853613711244080087e-02,4.832117877485346026e-03,2.757710474205499543e-02,-2.160462888520597174e-02,3.128042969000275481e-02,9.359257504670630279e-02,-5.395657882402394440e-02,7.975050438539221451e-03,-3.180468698311818276e-02,1.008552617215083269e-01,-2.433360648697957193e-02,-3.617247221097442955e-02,4.042497302159641509e-02,-3.129073149017883720e-02,-1.048189673732515537e-01,-6.886267314322896960e-02,-3.439562868273608742e-02,1.026531738773979463e-01,-3.100856749951183544e-02,-5.964469790842171631e-02,-9.035103069190088265e-02,6.079140773115298407e-02,7.095811755592475178e-02,-6.105609472308961422e-02,-4.946993604804848788e-02,-5.281696601427954968e-02,1.332169554914723261e-02,-1.033739838469073385e-01,9.618845257084975703e-03,7.015162049588664905e-02,4.582036258092596348e-02,1.106928099336992460e-01,-5.949271962610512554e-02,-7.198532154404498062e-02,4.292801507728681576e-02,-7.069603750978596668e-02,4.415724652921117904e-02,-3.315670641689202891e-02,-2.607704035265250367e-02,2.687389124239250582e-02,-3.587446075562729375e-02,-1.195522078653335624e-01,5.206707529237609988e-02,8.774245938073739481e-02,3.866008637056615044e-02,5.030907926847906497e-02,-7.016204171066028894e-02,-9.812015569614564170e-03,1.191375389138264306e-03
3.985782574568952526e-03,-2.643562390558255523e-02,-1.690136392886144520e-02,2.048084946637743903e-02,5.742799772893388000e-03,4.888798711836652745e-03,6.320797926029107089e-03,2.656274906368196603e-02,-3.905823957454742767e-03,-2.583738782023330127e-02,9.191710651330420659e-03,-1.688926906391617405e-04,1.483237285782270168e-02,-1.727047745953222760e-02,4.816682692456440468e-04,1.645467808603402055e-02,-7.332620199635385676e-05,-1.022695046415941084e-03,-1.516295445962182430e-02,-1.905467029817818235e-03,-1.019408942692641602e-02,-1.830592529149576569e-02,1.821544158673642569e-02,-3.057126861348381797e-03,-8.106925980504922982e-03,-2.780177926394663667e-03,1.120476071354927113e-02,-1.317282315828244635e-02,-3.447492721278283545e-03,1.191746444414213367e-02,3.815241428233379344e-03,-2.130960819902342086e-03,-8.384784157289633735e-03,1.916706210278794342e-02,-2.637375071637225194e-03,3.084354957718994043e-03,-3.692673220693438833e-03,-4.519380061084154153e-03,2.120956963595987260e-02,-6.448628151549700392e-03,-1.466337836650065223e-02,1.019751932856886520e-02,-1.508769403526086066e-02,-1.523008442360203980e-03,-3.262365772400146156e-03,1.338629987057953418e-03,2.462187599164589874e-02,-4.777460326550581581e-03,2.212521912935355630e-03,-1.495299892796037207e-02,-1.409031624847437332e-02,1.521381544684861746e-02,2.157363409265389623e-03,-1.884651035447532444e-02,9.077681941229565413e-03,-1.901345609555763752e-03,2.359630622291121558e-03,7.769465360319689588e-04,8.576884533149562156e-04,-5.124742674697295268e-03,6.173712867353386632e-03,-9.884519036667203593e-03,-5.376355915700345607e-03,-1.947681428837816364e-02,-7.084195362381510812e-03,-5.408100114282320472e-03,-3.078029708979957563e-03,-1.319934470025967664e-02,1.863039126828067507e-03,-9.429913282248980969e-03,2.790184770523011087e-03,-8.622387123383236374e-03,1.804388584808035850e-03,-7.491686712170177002e-03,6.623916271513983697e-03,-5.656270534833186120e-03,1.821504868707127592e-02,7.035280214480498992e-03,7.080232169150981955e-03,-9.035718664128706765e-03,3.195717358738871337e-03,5.162638531322882168e-03,9.174971795033447577e-03,-1.273482639558541109e-02,-1.547997093219073174e-02,7.403101237871026301e-03,2.567549666447734719e-02,-2.185291413399230095e-02,4.006269065729099049e-03,-1.471865723649637067e-02,-8.200447557280344732e-03,-1.519904452482262122e-02,-2.797530332420519045e-02,-1.011308553628800094e-02,-1.518337346306337758e-02,-1.070318157383102521e-02,-4.366707301880662882e-03,2.617504067522587012e-03,1.415824953559904203e-02,-1.931561811374278570e-02
9.472195735528578242e-03,-1.071702307050968611e-01,4.998663993938208538e-02,1.223779718219347203e-02,4.872462495241421110e-02,2.137883738015110280e-02,6.264825287957229150e-02,-5.428994182005653785e-02,1.016448946216956528e-01,5.473271160239984515e-03,-1.327489450115728817e-02,-2.012689070903356942e-02,-5.518105231834898212e-03,-3.838689569745635816e-03,1.647816354419142162e-02,9.184246278597247778e-03,4.160364133308037948e-02,-5.804325074183158684e-02,3.225932263628335239e-02,-2.625636993996089893e-02,-3.007394473394827197e-02,-6.243517071313783515e-03,1.097885551093291494e-02,1.880483762887256993e-02,1.749427054957153685e-02,5.245267453476219061e-02,6.698840208258165230e-02,-9.196509702260821650e-02,-4.012370695640257723e-02,9.504410278521167529e-03,-2.412728295675457824e-02,-3.989288646804890759e-02,-4.967246967941769259e-02,6.257660694820045208e-03,5.474004253551506376e-03,2.967310657451059652e-02,-6.487568924506446899e-02,3.760342503258038566e-02,6.993074889542830186e-03,1.671916100458855151e-02,-6.217461096349218702e-02,7.168645981531981959e-02,-4.139376074285084500e-02,5.206022181174680546e-03,-6.886997521417011214e-02,-9.255172963312744555e-03,4.198866077634900301e-02,-3.740527634579101073e-03,-1.122250561138466302e-01,3.101442611388001425e-02,3.268433954038536815e-02,3.053897671765580177e-02,-3.251947986485834857e-02,-5.286815716627771278e-02,-3.541858070989682694e-02,-4.728942854515150174e-02,-3.116851417372481711e-02,-1.215438375704105088e-02,-3.686591572990274152e-02,8.991997988174842138e-02,-5.908711285684888764e-02,7.343644013759111078e-02,2.998395598087216785e-02,-1.006588728526935511e-01,-1.022028322935723127e-02,-1.627566602993776174e-02,3.002016414388658169e-02,6.935057758587584442e-02,-5.144843196891147469e-02,6.833778158806736412e-03,4.103654492496392608e-02,1.219605564210113520e-02,-1.198737306042192176e-02,-7.774602579790641788e-02,-3.310137396833800344e-02,-5.022921025564528602e-02,5.311330389479406583e-02,5.681504881776133081e-02,7.657634134960814021e-02,2.964373577097190876e-02,-5.001862636506327481e-02,1.329882069622792887e-02,-8.099944000407746647e-02,1.342070326869980457e-02,-1.547318182171830009e-02,-7.953568355066709117e-02,9.679957135325899242e-02,-5.146130009662919919e-02,7.842509459883540215e-03,-1.094176772089942330e-02,2.481208616816702253e-02,3.436567702456464618e-02,-5.476446515502565032e-02,-5.238914354743822582e-02,-9.962319406099019725e-02,-2.774879689202400940e-03,4.017253286029071752e-02,-1.931094387359033257e-02,-4.941594830128933150e-03,3.103477104426279054e-02
1.341794508234768826e-03,1.528475919081910203e-02,-3.977620988436595534e-02,1.776885906186912931e-02,-1.237922381792770296e-02,-2.665503213975623192e-04,-2.209735556719495675e-02,4.492676823175649481e-02,-4.794656911999026910e-02,-2.242241019268631855e-02,1.522400140705306402e-02,1.304487560973818100e-02,1.835149445913510091e-02,-1.386115180231766233e-02,-3.475091699647927298e-03,1.791347105070182494e-02,-1.495893554787229920e-02,1.970438056692470907e-02,-2.818081384615891971e-02,9.856264742661624903e-03,9.652260498301139247e-03,-1.904746504721503003e-02,1.402896796759210696e-02,-1.276164290696637713e-02,-1.576631396231170656e-02,-2.076812981445544382e-02,-1.346084583428175212e-02,2.406010905404298503e-02,1.425106724708445627e-02,1.647789476269634823e-03,1.495048551425622041e-02,1.554771660702875674e-02,1.231912279224608130e-02,1.608658732411340220e-02,-3.069215958394250817e-03,-5.154861032092780855e-03,1.917439754266455146e-02,-2.074463395038020699e-02,1.628206191750848283e-02,-9.689994271512448326e-03,8.297877496274587775e-03,-2.086043400439403436e-02,3.195459847535013845e-03,-6.673335398093358482e-03,2.400835763837150943e-02,6.229139982602696982e-03,4.488923838819249869e-03,-3.640552835842583105e-03,5.124932458930520768e-02,-2.748218863368647596e-02,-2.734231357250523423e-02,2.567496222467241084e-03,1.664128252660984630e-02,3.382546707924851282e-03,2.630323196498447411e-02,1.786676114317496331e-02,1.176779609358955155e-02,8.997065686058326739e-03,1.712866808096338150e-02,-4.423372557737430960e-02,2.788837701257134219e-02,-4.198982018171674990e-02,-1.718362043368439063e-02,2.369326934321334607e-02,-9.934787011055162039e-04,7.144870545136934072e-03,-1.322259892922571060e-02,-4.299992421334114523e-02,1.997250634798567251e-02,-1.109437814610750132e-02,-1.271141617648509532e-02,-9.711064382492244629e-03,4.187589678065029714e-03,2.396126450324752299e-02,2.475258365625001428e-02,1.945067151967864311e-02,-2.863409071687140952e-03,-1.920808835907366827e-02,-2.221830792563058571e-02,-2.304760336999335177e-02,2.231455750448435929e-02,-3.078667007702913603e-03,4.034041467246172324e-02,-1.599016554575342919e-02,-5.089027266243122474e-03,4.129255067701755738e-02,-1.413651515318608241e-02,-1.138008094733429900e-03,2.189575779656033772e-03,-8.675429245737180731e-03,-2.088533957164693394e-02,-2.914435452022187678e-02,2.384354328532076531e-03,1.079374655787619999e-02,2.519919248088316882e-02,-1.155106009471713879e-02,-2.511703680732826557e-02,1.491428145715140152e-02,1.709131861867565008e-02,-3.368144953815421783e-02
1.614342683231411932e-02,-2.796185169710860632e-02,-3.321780949597016169e-02,3.098000232952363361e-02,2.331643548839250693e-02,4.673636497634000436e-02,-3.663003835775408695e-02,-4.766249553407582440e-02,-3.345212713851804243e-02,7.181733744924019558e-02,8.565754426400779345e-03,6.498796190649033799e-02,1.741092901936916459e-02,2.286568739066045103e-02,3.603391770011751122e-02,6.875128304138694579e-02,2.723864848020316962e-02,-3.860046861481031960e-02,9.783431119313569860e-04,1.346757645223498924e-02,9.780503243342791864e-02,-4.393521365962765879e-02,4.982996927495062477e-03,-2.657846019732250029e-02,-7.260978673388971717e-03,4.430599104556657425e-02,3.550610342544240766e-02,-4.776126146614470894e-03,1.696896067008426753e-02,-8.233873598081971334e-02,1.698275158497382017e-02,1.801870422336439986e-02,5.057653218091737006e-03,-5.631911590892071245e-03,2.326945988919933844e-02,5.054248993315924726e-02,-4.720435796789529403e-02,-1.169138042351693281e-02,-2.561625140453969648e-02,4.617666468580739619e-02,-3.233855258135918259e-02,-2.274229704227442861e-02,1.709366472234217019e-02,-3.943551804074500039e-02,-1.111589236436002007e-02,1.455605369561545001e-02,-3.738584166742606879e-02,-5.370824486470157297e-03,4.215689781713265194e-02,7.388081385358560502e-04,2.573839488668312704e-04,-1.399421891449685205e-03,1.588114651732107710e-02,7.267065862812044537e-03,3.658159019483404883e-02,5.946935600931469931e-03,-4.293497215886310503e-02,4.242800277224594713e-02,1.596841349659791978e-02,-3.162874877681282060e-02,-3.084387685389115494e-02,-2.834346350893919217e-02,5.262672708621798749e-03,2.588515605246113557e-02,2.450729152418225365e-02,7.650344796166830275e-02,2.721979652989594406e-02,-2.026974025311393743e-02,-3.745429735601366050e-02,1.402887402007980261e-02,1.640052015172187294e-02,5.002520301363853894e-02,-3.251657759041907958e-02,-4.109559635531835967e-03,6.046716275968041371e-02,5.952703704147091490e-02,8.954967330893749342e-03,-3.926440556227143996e-02,2.588908246926700796e-02,-2.544048353921528685e-02,-1.665719334449064504e-02,-3.625409959058172038e-02,-2.406015843213656427e-02,2.809194738087418888e-02,5.201303659890264830e-02,1.901569702007589735e-02,-2.310869845332113454e-03,-5.144790977085771447e-03,1.825282262109207895e-02,1.957789731925011975e-02,-3.377542663760108727e-02,9.541187640807295700e-05,1.023457390070832695e-01,-6.830888736339330893e-03,-4.592138025814494588e-03,-2.642843759188851643e-02,-5.688544463948631835e-02,5.757116556683392061e-02,1.280763304462715496e-02,-2.331052645717526101e-02
1.501419881376849300e-02,-7.347055117148723613e-02,-1.258863893908705733e-01,1.040547557579598881e-01,-1.939586578730890772e-03,1.060173945910317106e-02,-5.291993019117233882e-03,1.861935631125052060e-01,-8.842798294414518090e-02,-1.504896899897769091e-01,5.955858657054270699e-02,9.557267667192887242e-03,8.525449142613004960e-02,-9.438234726328226243e-02,-1.007744695116655903e-02,8.199035226973833135e-02,-2.963208568462636500e-02,3.512240490418781780e-02,-1.059158174174826550e-01,6.434813347258095707e-03,-4.095432457697416317e-02,-9.540226359697483172e-02,9.353352528691410983e-02,-2.837197035473066828e-02,-5.643121929547375432e-02,-5.274759507087746491e-02,1.554806238671723774e-02,-1.112528846979286140e-02,7.027451160650169046e-03,6.362422865837702446e-02,3.660511808864366778e-02,1.413359207684852271e-02,-1.341590139378003553e-02,1.024846311260209919e-01,-1.940709352090572506e-02,-5.168298085807116610e-03,2.528914580847934843e-02,-4.981676581709696544e-02,1.142631617804075045e-01,-4.919326554814299618e-02,-3.813460500495299832e-02,9.513387383393039423e-03,-5.675827618724393203e-02,-1.011671428989847563e-02,2.868032115144163868e-02,1.297337394668768122e-02,1.102438048710632224e-01,-2.376353942698575597e-02,8.572931459678063970e-02,-1.039023532764128260e-01,-1.002118759530966907e-01,6.402088022616850282e-02,3.309003008068542306e-02,-6.946128339114283901e-02,7.249894005579426981e-02,2.094128439067291167e-02,3.604678775648796629e-02,1.050356852808143060e-02,2.878995806929467854e-02,-8.740264000664856037e-02,7.542102373594615494e-02,-1.029088521219316404e-01,-5.024557456291203067e-02,-4.171618601515579561e-02,-3.361048917449832585e-02,-2.265847498902839180e-02,-3.853165366948194115e-02,-1.189455795096311663e-01,4.666094171996931772e-02,-5.760629368501833658e-02,-1.284594639101022812e-02,-5.840337291228128030e-02,1.958948858950491576e-02,1.083426393571674216e-02,5.620383091602437764e-02,-4.302943992078269624e-04,6.503419743513788598e-02,2.717615235899235090e-03,-1.334808643152165207e-02,-6.890484731846732713e-02,5.213065917432656987e-02,2.141977602084231894e-02,1.064934771412550801e-01,-8.103866612768999278e-02,-7.798121682854275427e-02,9.366366590931199387e-02,7.762939442896893416e-02,-8.652143751980541364e-02,1.612469168562632310e-02,-7.528700501092765174e-02,-6.063183247049706154e-02,-1.074904107539395720e-01,-1.233071817108656598e-01,-2.063287851878744389e-02,-1.715181875121876698e-02,-5.633403294381943843e-02,-4.858883500718366028e-02,2.482642608059400235e-02,8.133853477896656192e-02,-1.270189389431949922e-01
1.441943228554016555e-02,-4.812058467880565849e-02,-3.449388174361931597e-02,3.960435476617972517e-02,2.256223896437480059e-02,3.510563634745786366e-02,-1.387542040999305108e-02,-7.356188028692531473e-03,-1.967756873627512365e-02,2.079506269859084447e-02,1.348199573277286852e-02,3.968709853150248490e-02,2.480514047171318917e-02,-2.277120230382646653e-03,2.393312895332373388e-02,5.935861145343869494e-02,1.912942798945859585e-02,-2.813678392065563014e-02,-1.222560513852473038e-02,5.339455817655079824e-03,5.026570220568759434e-02,-4.537627751228969636e-02,2.104030104347651489e-02,-1.868264858128451320e-02,-1.141735071822804447e-02,2.782007782066846929e-02,3.634192730760433393e-02,-2.014678253475868722e-02,5.378725427093255726e-03,-3.992756033227478490e-02,1.310745081824214384e-02,7.304832415067970264e-03,-7.290956942798591280e-03,1.503884284194277957e-02,1.238734528685901844e-02,3.619254094772664937e-02,-3.643095710528429509e-02,-9.779621046696954090e-03,4.459591652932015475e-03,2.371628471685040263e-02,-3.740664611109337234e-02,-9.995553572966656228e-04,-5.699762767813427999e-03,-2.598153757355435925e-02,-1.353433726745905882e-02,9.964010404696818299e-03,2.059792812742941050e-03,-8.115977957344939347e-03,2.300768842959009797e-02,-1.223822403763859257e-02,-1.163534087450093096e-02,1.514385855389193195e-02,1.041606646120053596e-02,-1.603194818090942705e-02,2.987933893926542420e-02,-4.340656861479352618e-04,-2.629665883722960909e-02,2.680483235780843285e-02,9.015346461720434926e-03,-2.027825829678048947e-02,-1.645453796851895426e-02,-2.357203628411620733e-02,-3.190223439437494808e-04,-7.314363921905878835e-03,8.144150762682413058e-03,4.212504517035497303e-02,1.567582685058311123e-02,-2.185981634273916410e-02,-2.433691128265289341e-02,1.729016711780019197e-04,1.501708813409584169e-02,2.383812257189394518e-02,-1.931922585667413678e-02,-1.360373741460799320e-02,4.267140333954230064e-02,2.952209971578366107e-02,2.563985765059520125e-02,-1.514166408932801806e-02,2.684424468804063810e-02,-2.312407876929001641e-02,-9.922006840055669699e-03,-1.720606147165524430e-02,-1.042358762630842678e-02,6.192302844701346419e-03,1.717114718626315192e-02,1.503912065312319225e-02,2.784851870955044190e-02,-2.662925452526930872e-02,1.568361937852080779e-02,-2.266459432481653536e-03,-2.780870552986062019e-02,-1.270989199527539602e-02,3.494161774842709234e-02,-1.654704453298003544e-02,-2.232948531131145886e-02,-2.695239593289203497e-02,-3.791572890027942316e-02,3.772101274712175156e-02,2.129773600107289638e-02,-3.151279140399587675e-02
3.054341385841868352e-03,3.116211264173642317e-02,-5.664883473011745555e-04,-1.181166267668940298e-02,1.077524643591135090e-03,1.887488375204920618e-02,-3.682512190551934239e-02,-6.098812592403087679e-02,-2.412426497993104199e-02,7.903342148799136213e-02,-6.688133402768559575e-03,4.092118936972850146e-02,-1.017438652575561667e-02,3.855434015000462622e-02,1.922667320828530188e-02,1.672856673340323078e-02,1.236605541525465264e-02,-1.601013394593067338e-02,1.905132068592951811e-02,1.325285613181192285e-02,7.569482540933933357e-02,4.204691870099804473e-04,-2.397376278606894867e-02,-1.330355071624974954e-02,5.520307681109366295e-03,2.535366746424462872e-02,-1.165804969689220516e-03,2.467941903753578109e-02,1.886013773199628901e-02,-6.695297645894206229e-02,7.012920527716127485e-03,1.759250314354936923e-02,1.968954240401046482e-02,-3.120480706040476213e-02,1.710182519464449949e-02,2.291597610752411571e-02,-1.669150386736794126e-02,-4.146211017327609306e-03,-4.609620772242796483e-02,3.510405258145346541e-02,7.510718063512921913e-03,-3.491936082480005810e-02,3.560345781499304335e-02,-2.185011207211175893e-02,4.600016428218796534e-03,7.663144107937795192e-03,-6.131495349089929880e-02,3.946664646238962418e-03,3.273498248371444624e-02,1.872915150495122263e-02,1.705587423335974337e-02,-2.538480676731332333e-02,9.515956911069616345e-03,3.618505821136159400e-02,1.230015472982184076e-02,1.077510268157900325e-02,-2.597522549785780122e-02,2.536021895786367414e-02,1.183155471646597096e-02,-2.018200364483731246e-02,-2.151489715659733390e-02,-9.878938200708675677e-03,7.911625322910261285e-03,5.275756176692186078e-02,2.566348889002402836e-02,5.486766416683003939e-02,1.773481131980083475e-02,3.904301440469472767e-05,-2.006006470169505521e-02,2.111725996810383602e-02,1.886437429897053425e-03,4.092212648480219456e-02,-2.080873284343167512e-02,1.563993578337368601e-02,2.981049732024207075e-02,4.834626494343367137e-02,-2.563701787767697429e-02,-3.885352364034351524e-02,-1.955097772068387346e-03,-5.163252669501672970e-03,-9.689277581178511178e-03,-3.023156490407529970e-02,-1.963890389946390536e-02,3.357139996320115255e-02,5.450417993782254167e-02,8.427669520338888776e-03,-4.714182479391810371e-02,3.292256481008128816e-02,4.439101766414543793e-03,3.364589809820748428e-02,-1.085869414049057957e-02,1.837451143546436905e-02,1.060429258499458599e-01,1.531684566323012961e-02,2.838019792395824262e-02,-2.793805587331067361e-04,-3.156010921636671906e-02,3.245910554526623693e-02,-1.201637051524167936e-02,1.058743070011221483e-02
7.492656303217359306e-04,3.596504992208604534e-02,-1.492219735321849254e-02,-5.157996042866360396e-03,-8.467482900515226757e-03,8.075782390318812093e-03,-3.448839657678863524e-02,-1.957423441823137600e-02,-3.741887520321602462e-02,4.123064321593821607e-02,8.582136410120359089e-04,2.928882639445443137e-02,-1.644722059308125406e-03,2.044047972773127553e-02,8.332816216010030877e-03,1.202197533974656146e-02,-1.371383253995660766e-03,2.415411924808032358e-03,1.266014403351668240e-03,1.329129854502220966e-02,5.038413121453330645e-02,-2.592295760509384303e-03,-1.284109573860823215e-02,-1.286080705544653986e-02,-2.228025506235950092e-03,3.624294140413628768e-03,-1.250271484172406529e-02,3.177790490298963710e-02,1.933752777833218361e-02,-4.023885022558085223e-02,1.032913603231791835e-02,1.881429500988629142e-02,2.076116163608744680e-02,-1.603220445420988280e-02,8.678233161599250081e-03,8.356248368845973010e-03,2.852108772904752253e-03,-1.162516427611319340e-02,-2.482569551694610577e-02,1.640186029696561257e-02,1.455887480183158146e-02,-3.437321602580691027e-02,2.718239481692946019e-02,-1.482074385516818707e-02,1.682182996517225457e-02,6.973660524035447429e-03,-4.084654422801652779e-02,2.121300827422958283e-03,4.456219274753423637e-02,1.383825923408111462e-03,2.004774896237137909e-04,-1.858115732050187249e-02,1.327814476522052624e-02,2.913668030291436187e-02,1.718414551157489839e-02,1.628412236222788120e-02,-8.660772736611631675e-03,1.828457556782306023e-02,1.532766109716000510e-02,-3.277560189212071207e-02,9.200259209092901107e-04,-2.403428536314090869e-02,-2.817692031903813905e-03,4.936287509474642649e-02,1.625750937822845188e-02,3.579078328699385886e-02,3.705143187944936675e-03,-1.785418934029200932e-02,-8.132628371802453010e-04,9.287883042120160040e-03,-7.001095209135886274e-03,2.043036322384428685e-02,-9.739238513218987162e-03,2.450493841033540149e-02,2.683047475080941463e-02,3.902235928746135979e-02,-2.288563108540306312e-02,-3.431511664133204964e-02,-1.598290551844618740e-02,-1.157445176205446589e-02,5.524859330694025135e-03,-2.014908711449348716e-02,7.448208644076034259e-03,1.473385317920331526e-02,3.309293684077482117e-02,2.388637882294200598e-02,-4.368528301952166737e-02,2.615324323696677916e-02,1.949629599629503201e-03,1.954552513585905080e-02,-1.382979429867762719e-02,3.927206980950267122e-04,7.015902516309965864e-02,1.827489998458984785e-02,3.522113899149326155e-02,-2.024348149965291953e-03,-2.889878791353717169e-02,2.457846301775302306e-02,-3.048438007727019214e-03,-4.595407942364707239e-03
8.203092661414210229e-03,7.796455953658579068e-03,-7.507791673178593195e-02,4.185405130739318358e-02,-9.858528651820146552e-03,1.585974097493066462e-02,-4.380704173885609232e-02,5.908946178571306690e-02,-8.441971761224302540e-02,-1.700231292259958907e-02,2.804960453935165243e-02,4.071745453252396951e-02,3.700030454301797556e-02,-1.777400912464699445e-02,6.482563878137049401e-03,5.330266111624811648e-02,-1.389859042385139555e-02,1.716049364966064361e-02,-4.604209204257474208e-02,1.883201013587866915e-02,4.376457490985410231e-02,-4.745327576107610107e-02,2.724709243293320718e-02,-2.866059346302446409e-02,-2.819002876653883827e-02,-1.784353072392343142e-02,-6.251338482940124036e-03,3.176836916930959875e-02,2.625442298366529453e-02,-2.122763454034973241e-02,2.906226960777634830e-02,2.887491618874049246e-02,1.829484238716205802e-02,2.716721131670345526e-02,2.227769168818429391e-03,9.245505528231647008e-03,1.293821432114550425e-02,-3.630599269042753680e-02,2.150113830345910457e-02,-1.326908244449296432e-03,-1.382455183181751550e-03,-3.651742420217187618e-02,6.741927172590282333e-03,-2.321459195040311702e-02,3.202156596611440559e-02,1.446381630064337565e-02,6.429815231880786240e-04,-8.399443254162263645e-03,9.183050198442412049e-02,-4.501001158011395248e-02,-4.474636588417272437e-02,7.091694756345068122e-03,3.087170509105222060e-02,2.950507699208934024e-03,5.386284940181836067e-02,2.854763525429181159e-02,4.541872075308266317e-03,2.752424101387419830e-02,3.132675801446510588e-02,-7.849532140767302713e-02,3.379814779682144971e-02,-7.517548620859551556e-02,-2.563943059684718750e-02,3.959926774990508991e-02,4.706706465752071196e-03,3.423444949035237689e-02,-1.199377667878826458e-02,-7.489541156538953581e-02,1.862963762413840860e-02,-1.455133483903053339e-02,-1.330379905614687865e-02,-6.379508789348231190e-04,-3.718125408432921674e-03,3.319731164795103329e-02,5.863558243505993112e-02,4.734756019732223181e-02,2.922713274324957242e-03,-4.010637577612603810e-02,-2.362170302764673990e-02,-4.532036127986476676e-02,2.921481010128073111e-02,-1.513363519120256538e-02,5.558460680635358975e-02,-1.822523577902406683e-02,5.364409695592136512e-03,7.051115012423818385e-02,-1.601287241801882533e-02,-8.631266652816996926e-03,1.017423181239434163e-02,-1.036219069220549460e-02,-4.453337587569371203e-02,-4.779644776390726268e-02,2.994569283818143690e-02,1.172912406714749466e-02,3.307192536022530993e-02,-2.861222268893452367e-02,-5.748980696023818504e-02,4.182525642036199337e-02,3.344190352016395557e-02,-6.321956291097002856e-02
2.131027532546426323e-02,-6.179021960911320471e-02,-1.045581924873278251e-01,8.684753138172983389e-02,1.490817307869520859e-02,4.199855325383106824e-02,-3.453657524403280082e-02,7.822174211302793112e-02,-8.423878022650729824e-02,-3.555763991565846077e-02,4.343444509135803433e-02,5.741878112967360726e-02,6.560808447399193999e-02,-3.929840721294567546e-02,2.129728757592500021e-02,1.030708324439805063e-01,1.462574208413545225e-03,-6.284407726677904149e-03,-6.496066112794898761e-02,1.556422095691652359e-02,5.279796333558468835e-02,-9.196838148727708162e-02,6.021549682373277673e-02,-3.879894185258495054e-02,-4.069994629296253691e-02,2.784131855737060116e-04,3.425141902576216146e-02,-6.487026094302191827e-03,1.926074580307117132e-02,-2.606100548960385913e-02,3.653838113288363637e-02,2.438581727485355025e-02,-2.039042771312697764e-03,5.756906208659978708e-02,6.143955234294806202e-03,3.503255937271079756e-02,-1.867656585285460552e-02,-4.101635490949095963e-02,4.908724247153010978e-02,5.451023101746514145e-03,-4.570428564627367768e-02,-1.509538366787391804e-02,-1.932333972817652790e-02,-3.715963127651477488e-02,1.173277908807027203e-02,1.964573705707698195e-02,3.593567782960897794e-02,-1.846212094970920217e-02,8.985617258052901180e-02,-6.387079218807444059e-02,-6.207806434084658237e-02,3.645915417970740230e-02,3.390846611771538427e-02,-3.421110036981980795e-02,7.412926233756518546e-02,1.941656375798403791e-02,-1.027562745273874652e-02,4.003304983141028894e-02,3.155415959131377401e-02,-8.168273175112117368e-02,2.429006746524914676e-02,-8.781791416023988772e-02,-2.770854179805781400e-02,-7.477630111887493929e-04,-8.329082491716178430e-04,4.667770344055038878e-02,-3.453192145086227648e-03,-9.107567966990383346e-02,1.331034714788304971e-03,-2.432792679162473423e-02,3.219421764866571209e-03,3.059195714630079735e-03,-1.296974604511454826e-02,6.751106850284477150e-03,8.278138385616091999e-02,4.839848253191127853e-02,4.417733490045219064e-02,-3.147558216454929975e-02,8.777589450327173692e-03,-6.299705074136530136e-02,2.082804009018027550e-02,-1.587565586856135719e-02,4.940925296892510754e-02,-2.786481551316774205e-02,-6.075345175873023834e-03,7.518584185693168165e-02,4.113115458080397746e-02,-5.432340713092575352e-02,2.370244414030986055e-02,-2.996007264751989960e-02,-6.427038926852766954e-02,-6.669783048358585154e-02,7.404222630297512334e-03,-1.558579549776609868e-02,-9.670306409661827071e-03,-5.472479344518385580e-02,-7.566782676478495118e-02,6.086546874568535270e-02,5.961083821420960771e-02,-9.668687022607799775e-02
6.075563498751014417e-03,2.194705046711631011e-02,1.761338108527551191e-03,-9.553484039179016910e-03,8.734399451654953350e-03,2.859961099375748356e-02,-3.935166238586723653e-02,-8.128717811359473244e-02,-2.001109119691354965e-02,9.915677743227223340e-02,-8.447798519246350196e-03,5.138221513477482516e-02,-1.084104064650137644e-02,4.653916641960496869e-02,2.748802272162773411e-02,2.679112470560596898e-02,2.144904417776439393e-02,-2.853419251775642096e-02,2.578899893212136321e-02,1.378196198752178366e-02,9.376865322160930771e-02,-4.234626816616230381e-03,-2.623219287794581120e-02,-1.586268444085337306e-02,7.671179344773844215e-03,3.931748409617493584e-02,9.245613010826778458e-03,1.820198670048825754e-02,1.910900268152394832e-02,-8.442848207897471480e-02,7.078376248880849028e-03,1.775594965048213694e-02,1.793285436215790590e-02,-3.613851514491887157e-02,2.263681727256443635e-02,3.455976210689457734e-02,-3.086644869595133941e-02,-1.780458352692112665e-03,-5.522137574506252172e-02,4.692002131652136393e-02,-1.044950951823301818e-03,-3.486739581794152248e-02,3.846180653682791661e-02,-2.847809795711379530e-02,-3.213312808592151855e-03,9.240661297102416294e-03,-7.017727969995622705e-02,3.688290279591467918e-03,2.967106231821027562e-02,2.525578617246177979e-02,2.344760231254261126e-02,-2.631841690191043248e-02,8.970122822556358608e-03,3.697812976505069488e-02,1.379541373127749979e-02,7.903903719536109831e-03,-3.758337513328761925e-02,3.207615210213982798e-02,1.119623325548497507e-02,-1.654090449468706425e-02,-3.433993637365487239e-02,-6.056852140668753277e-03,1.297297906967639393e-02,5.273741884205528779e-02,3.099296596115703323e-02,6.908930173557216448e-02,2.642501432139275630e-02,5.777367408330139932e-03,-3.241847763096562807e-02,2.660790670431303906e-02,8.197549227598507904e-03,5.354768856407236127e-02,-2.851341259816751045e-02,9.303445460867145259e-03,3.661842768015122207e-02,5.622191805846227936e-02,-2.318722095873001349e-02,-4.259279510267820895e-02,8.493117628362172739e-03,-5.099845726179033992e-03,-1.828335206601081411e-02,-3.705078461643643295e-02,-3.393348624218735926e-02,4.311259287209079361e-02,6.650231352938301699e-02,2.842579835465865786e-03,-4.445861037921015196e-02,3.219507557287257238e-02,7.702168593465664320e-03,3.974800634014689915e-02,-1.302197893111612000e-02,2.515106367395772424e-02,1.267911611138122785e-01,1.145458521629262073e-02,2.168589639082657908e-02,-3.059164508352188970e-03,-3.755021873391903992e-02,4.094415667181070667e-02,-1.334428891719386355e-02,1.357390267184563001e-02
1.754000731864726811e-02,-1.180027660627975122e-01,-3.457285281574760949e-02,6.703499320911671111e-02,3.822345954173496374e-02,3.011712524362263055e-02,3.382949748239245241e-02,4.474313181735142808e-02,2.046162521066776513e-02,-5.625672955298843120e-02,2.216989730321525937e-02,4.175577080362261745e-03,4.230848268696250913e-02,-4.503827905801524589e-02,1.410630366970146501e-02,6.176374126079042792e-02,2.020418106200992658e-02,-3.141712911603480873e-02,-2.994397970762868039e-02,-1.246704248270569075e-02,-2.118643871484613209e-02,-6.120124363981831184e-02,5.546352274999280518e-02,-6.471722661825626485e-03,-1.736423330469449161e-02,1.987377530024973804e-02,6.236420189098221267e-02,-7.132677477895718599e-02,-2.120689841153164043e-02,2.124668089082093828e-02,4.827326026634066319e-03,-1.727776326001301960e-02,-4.062648766733009675e-02,5.438800670396792131e-02,-9.690341946250066686e-04,2.888260889733329159e-02,-4.293604804966391630e-02,-8.245503932692513230e-04,5.660918104652681859e-02,-3.129824735872555400e-03,-6.958623231953278698e-02,5.048819828559979878e-02,-5.391540996384816542e-02,-9.624351085539873535e-03,-3.651487816815994492e-02,2.999012616023879595e-03,7.679222541831871862e-02,-1.561909836888656332e-02,-2.744169750326965612e-02,-2.986581148322997939e-02,-2.694804169769804761e-02,5.317494799535010808e-02,-3.068527692157539764e-03,-7.039189038600374149e-02,1.888727504547215233e-02,-2.161203389726840465e-02,-1.293241658593440209e-02,5.548776017001420292e-03,-8.258158048007701799e-03,1.309610071846884286e-02,-1.041547951746383226e-02,-5.567713552188741956e-03,-2.862290869824138471e-03,-8.631272252965871417e-02,-1.885448900288720295e-02,-6.786507327894557642e-03,7.599056759065236748e-03,-1.476340773233862820e-02,-2.077286112671198476e-02,-2.101032713375763569e-02,2.591896380560164415e-02,-1.010881233310329322e-02,-5.460042108566249761e-03,-5.021075006768966481e-02,1.737693232822002873e-02,-2.315359468144404312e-02,7.174475641586874897e-02,3.316854339771724280e-02,5.268353373070817913e-02,-1.883243137346050228e-02,-1.268928748820511050e-02,1.248274550560676301e-02,-8.921196063944423701e-03,-2.512873087050784826e-02,-3.895480977714747828e-02,-5.292508756262705692e-03,1.064478317081902492e-01,-8.051074262664914549e-02,1.738729143553358406e-02,-4.119653362096688254e-02,-1.984776335529308058e-02,-2.943088433025319028e-02,-7.873638628981070864e-02,-4.862693667041684958e-02,-7.969054594753081922e-02,-3.559781939063593609e-02,-7.846696365100415405e-03,1.082225540458547734e-02,3.979781693766239886e-02,-4.641644029556674794e-02
2.379913490619100375e-02,-1.727451249671238254e-01,-1.557714961324199558e-02,7.720580979398135313e-02,6.366109220214537234e-02,4.492306129835133000e-02,6.012447826635413523e-02,1.674950230016988145e-02,6.455884044662010823e-02,-4.875650989069704039e-02,1.744497086329543228e-02,9.247896993057947747e-04,4.246703626697134054e-02,-4.592367778154986258e-02,2.527888719817667634e-02,7.380285523683109694e-02,4.225708625805399410e-02,-6.232341689656803463e-02,-1.586470602308848177e-02,-2.361225849491952605e-02,-2.670465985661750821e-02,-6.963990182018837960e-02,6.240740761270385101e-02,-4.231712112686320556e-04,-1.046145013939903112e-02,4.842833746192983652e-02,9.790693936094425898e-02,-1.157789879292994845e-01,-3.862108713830890439e-02,1.873633096570660045e-02,-4.568831725111349197e-03,-3.438780726020024270e-02,-6.400280366828435541e-02,5.818287493645829533e-02,3.612269140038886286e-03,4.779970882679248495e-02,-7.805300480090007764e-02,1.532931766610474283e-02,5.899726462666142479e-02,8.613025272854134967e-03,-1.028282052529868595e-01,8.261675015590184967e-02,-7.276360538454905436e-02,-1.104962736139384477e-02,-7.003774951106468694e-02,1.502086543296622396e-04,9.468667344017744902e-02,-1.822966987368125624e-02,-7.578594620418367678e-02,-1.637649586317859590e-02,-1.265997142692346436e-02,6.844534300763456536e-02,-1.661778766004931226e-02,-9.581884823608463608e-02,6.456100549226773642e-03,-4.331435701766991192e-02,-3.142761058709084981e-02,3.952599503497487843e-03,-2.392808072728214164e-02,5.179094693127579002e-02,-4.054618786655255630e-02,2.537798011907768658e-02,1.127559536012951065e-02,-1.323786749927154671e-01,-2.182481408149544375e-02,-7.523400440950333938e-03,2.400995612650296332e-02,1.479557883421316403e-02,-4.827305303215226329e-02,-1.716834415877450254e-02,4.688537164538603141e-02,-2.755764110246598699e-04,-1.402948629476106004e-02,-8.753026137620954772e-02,8.121880829789445214e-03,-4.141125719603901134e-02,9.878280884566396913e-02,5.653568371676706561e-02,9.149664426802189832e-02,-8.041058886855355012e-03,-3.744529389306627126e-02,1.563605501844331225e-02,-4.844097826329659545e-02,-1.710894412550882648e-02,-4.238183306228495567e-02,-4.016081841307075906e-02,1.534030364775647026e-01,-1.066795699126553837e-01,2.308590371493554269e-02,-4.553172298857180444e-02,-1.204880062578872306e-02,-1.445255740576238158e-02,-9.667737364245108933e-02,-7.453143335170023254e-02,-1.278558961837865937e-01,-4.019242378755496364e-02,5.222969732802697045e-03,7.451853047813919960e-03,3.973909417384711290e-02,-3.552364124374706583e-02
2.417077000520371360e-02,-5.540260867621990548e-02,-5.543250080112944317e-02,5.507975855839342127e-02,3.500707752944264006e-02,6.544224932621506285e-02,-4.415725554504415507e-02,-4.541599495592251595e-02,-4.676341815544184793e-02,7.783444392336211215e-02,1.757489449404388629e-02,8.611760511845487076e-02,3.317327556207082251e-02,1.862357486054184649e-02,4.822392608515016499e-02,1.024907133473938053e-01,3.624443977649549620e-02,-5.212496654876197510e-02,-8.898964828601930652e-03,1.650945969450317435e-02,1.228560134639112289e-01,-7.078721393579759380e-02,1.901805764526856221e-02,-3.731065970741093835e-02,-1.509303938093636832e-02,5.710189141230190973e-02,5.495683286020815878e-02,-1.556441740828714768e-02,2.006973209412541564e-02,-1.012114061887459393e-01,2.506781882550145404e-02,2.235823782172399743e-02,8.722054616737473292e-04,5.555098428809262037e-03,2.912374351755038504e-02,6.929602309973048602e-02,-6.538307474986161660e-02,-1.847910542141054449e-02,-1.959168490751272279e-02,5.698686876563848619e-02,-5.308468895298528584e-02,-2.305702458380974942e-02,1.232779632668147204e-02,-5.338215820971602132e-02,-1.718352046953712520e-02,2.020894101786745167e-02,-3.279692480704172325e-02,-1.038676215479320333e-02,5.714014641926024041e-02,-9.078233550983336869e-03,-9.126672786247571126e-03,8.564339530107331969e-03,2.245398827928240387e-02,-3.307227307415970975e-03,5.463083904776531302e-02,6.462478158773488079e-03,-5.550257440335316927e-02,5.682808494774391206e-02,2.167423901731375946e-02,-4.520538753140886101e-02,-3.694231431029141449e-02,-4.412482049291136660e-02,3.428113303854222593e-03,2.084194827792117122e-02,2.770051806125255200e-02,9.786248397176870728e-02,3.414417855887313946e-02,-3.566738508783644929e-02,-4.862368396550964533e-02,1.224577737367410490e-02,2.379581879188638616e-02,6.060742383392284799e-02,-4.198767169579455116e-02,-1.077883264905879664e-02,8.468779868926998300e-02,7.504942828759932072e-02,2.441935971653694595e-02,-4.718776825355137927e-02,3.941548839725243780e-02,-3.982628468401226002e-02,-2.009938941184289188e-02,-4.459374036722534712e-02,-2.596310197584173265e-02,2.869508541003464724e-02,5.850694702237427269e-02,3.003577439301248486e-02,1.465799119918659819e-02,-2.182518967883765801e-02,2.698067608640652634e-02,1.596913416154104731e-02,-5.034116558189562912e-02,-1.008948359677525920e-02,1.167372071513363557e-01,-1.609552591135144511e-02,-1.670843813577289200e-02,-4.236839279401197200e-02,-7.837784320216809042e-02,7.816376516416485842e-02,2.660488200485945642e-02,-4.397388641199120179e-02
4.279429025577586774e-04,4.513025866633291888e-02,-1.986388978497543450e-02,-5.800003546133718733e-03,-1.194012258543327223e-02,7.941987135859212080e-03,-4.162541310374008596e-02,-1.796451185039234580e-02,-4.734815132994926734e-02,4.476749786931223662e-02,1.963896757307498093e-03,3.367439095098845314e-02,-1.079741644296846508e-03,2.242319143929295128e-02,8.367264663714157544e-03,1.335050553833566980e-02,-3.829929874990458706e-03,5.867981662786565626e-03,-8.314571947654638123e-04,1.617460417045631094e-02,5.738043692982339877e-02,-3.084077656188346020e-03,-1.434065554470457735e-02,-1.543187324533787201e-02,-3.688070669522744427e-03,1.043126413682304464e-03,-1.727442353936569502e-02,4.002962271447826209e-02,2.361872381858913864e-02,-4.491007118765765610e-02,1.293427670597521728e-02,2.306354813357971989e-02,2.558254599967793586e-02,-1.759895577144457435e-02,9.267183411414837979e-03,7.740748214338873459e-03,6.651897249464075630e-03,-1.514230740947520963e-02,-2.735579658150935622e-02,1.711841055471609307e-02,1.919071895677822506e-02,-4.188172766581631928e-02,3.206342015474269308e-02,-1.681243961629501002e-02,2.241836222982450735e-02,8.306136979796969674e-03,-4.700399723587642825e-02,2.422805049718945638e-03,5.582560652645154886e-02,-6.252777457529518339e-04,-2.007646528752135041e-03,-2.189534269640866504e-02,1.662815692520481364e-02,3.475908853589312897e-02,2.133852864432414509e-02,2.066662431998747898e-02,-7.833774197397475048e-03,2.102607844069424858e-02,1.910868059900180591e-02,-4.157286513995261251e-02,4.478280371623297521e-03,-3.108356236914568138e-02,-4.953409375195366726e-03,5.987453567740125271e-02,1.843011946835805548e-02,4.053386756562083609e-02,2.365848614199948102e-03,-2.408505763746049064e-02,1.999357846323255184e-03,9.666651938654739068e-03,-9.972413983484793021e-03,2.178294990397651454e-02,-1.011124765680161686e-02,3.132583134743899961e-02,3.186234043142123495e-02,4.599900868889423428e-02,-2.784119410676513806e-02,-4.108849112474000781e-02,-2.179800537545059647e-02,-1.478036813756776653e-02,9.007222450429700975e-03,-2.298491254765288108e-02,1.303944847535173229e-02,1.525841709597286142e-02,3.718862275833141606e-02,3.118252861623576136e-02,-5.316281426538314175e-02,3.127412389180592861e-02,1.853412818695692648e-03,2.189761045762293398e-02,-1.699558413170833282e-02,-1.920120088725349753e-03,8.020254987483234344e-02,2.291684847558287177e-02,4.422183539260545609e-02,-2.417258395876409598e-03,-3.448595623836111373e-02,2.847523859549033060e-02,-2.692559780608698092e-03,-7.404980023294521936e-03
6.101926090474251926e-03,-8.537310573528399680e-04,-3.491717368920070619e-02,2.124961746677321572e-02,2.945474619215876066e-04,1.493660982988794655e-02,-2.458229773266474086e-02,1.256449890727715998e-02,-3.934647423746515105e-02,8.556066494656346458e-03,1.214749230196854324e-02,2.847983082283701839e-02,1.704883387376388698e-02,-1.627685011858822110e-03,9.442815186682754561e-03,3.322439013657767920e-02,-2.160816824723559113e-04,-6.266977823851158482e-04,-1.704520168666717045e-02,1.008472311825434412e-02,3.653639009836073120e-02,-2.605711969148574378e-02,1.064557015496935509e-02,-1.618786903264961621e-02,-1.201176525074378748e-02,1.665167536119811472e-03,3.751282213054460673e-03,1.227820082747855396e-02,1.375596797020608997e-02,-2.481385592459646461e-02,1.445950982693673670e-02,1.491349355677665592e-02,8.615514067449961746e-03,8.521646912973772012e-03,5.492036700530339086e-03,1.317177738741921907e-02,-3.789924674641309901e-03,-1.624673777917391357e-02,2.344338552990893158e-03,8.709781604626305393e-03,-5.947632613551110531e-03,-1.926637651264670459e-02,6.764540137407903941e-03,-1.660605763617273647e-02,1.061179797715326376e-02,8.400291767499802262e-03,-8.292512929466908100e-03,-4.064946809782830038e-03,4.402151583483426833e-02,-1.669775931840317140e-02,-1.673445295396758584e-02,1.674122544165069452e-03,1.504953976609489999e-02,3.595572734352376655e-03,2.766921790208005938e-02,1.245236382851055458e-02,-6.599119322316289622e-03,1.891383229516966843e-02,1.531669559966768526e-02,-3.660350570554146005e-02,6.996502584516649421e-03,-3.440625666031346674e-02,-8.754676607867075550e-03,2.159247032185679024e-02,6.948475838390285979e-03,2.843782705012699516e-02,6.938584285322883186e-04,-3.256160930376796048e-02,1.080435545080801884e-05,-2.494186253183678249e-03,-2.223705503357973658e-03,9.839873183540820412e-03,-7.808111400979485250e-03,1.265335539666491080e-02,3.426837366057020745e-02,3.033561219944486478e-02,1.862048482817040083e-03,-2.367559617435512076e-02,-4.686705561846513102e-03,-2.217762180130458324e-02,8.088552686692724106e-03,-1.319227293124818068e-02,1.668525653684694784e-02,-1.050897591381569872e-03,1.295648448668110589e-02,3.091999832342086016e-02,-8.147003574159780367e-03,-3.169373585380236974e-03,7.279823199479992790e-03,5.085206961699218842e-04,-2.351671704297694787e-02,-1.790144696271394817e-02,3.296747200923820509e-02,3.849261210683455579e-03,1.293623089499655945e-02,-1.571774180336607887e-02,-3.325500088150660366e-02,2.733533758446325679e-02,1.480477978054276465e-02,-2.822561625070505592e-02
